Person,Nationality
Capital J,Canada
Howdy Holmes,United States of America
André Berthomieu,France
He Zhi Wen,Spain
Klaus Töpfer,Germany
Delarivier Manley,England
Ai Shimizu,Japan
Ilya Kabakov,United States of America
Kazimierz Plocke,Poland
Pedro Ramos,United States of America
Stretch (rapper),United States of America
Deni Fiorentini,Italy
Marie Myriam,France
Günther Maas,Germany
Antoine Tempé,United States of America
Robin Aitken,United Kingdom
Val Young,United States of America
Angelique Kerber,Germany
Dilan Fernando,Italy
Mindy Grossman,United States of America
Tom Johnston (Scottish politician),United Kingdom
Nathaniel Bowditch,United States of America
Lee Shih Shiong,Singapore
Tony Eason,United States of America
Esther Ofarim,Israel
Pearce Hanley,Republic of Ireland
Cedric Price,England
Frank Beal,United States of America
David Eger,United States of America
Alecia Nugent,United States of America
Luan de Burgh,England
Robert E. Sweeney,United States of America
Joseph Jarman,United States of America
Lizhen Ji,United States of America
Alexis Petridis,United Kingdom
Margaret Brouwer,United States of America
Liew Seng Tat,Malaysia
Greg Eastwood,New Zealand
Kara Brock,United States of America
James Rachels,United States of America
Keith Ballard,United States of America
Cornelia Funke,Germany
Blake Jenner,United States of America
James Cannon (mathematician),United States of America
Yves-Marie Adeline,France
John Amaechi,United States of America
Dale Raoul,United States of America
Karen Finerman,United States of America
Sergei Shchukin,Soviet Union
Michael Cooper,United States of America
Sandro Zakany,Austria
Jean Grae,South Africa
Michel Pêcheux,France
Konstantin Novoselov,United Kingdom
Justin Lester,United States of America
Juan José Carrillo,United States of America
Felix Pappalardi,United States of America
Y? Sugimoto,Japan
Gerald Perry,United States of America
Françoise Vatel,France
Eugène Cremmer,France
Vladimir Solovyov (journalist),Russia
Alexander Knyazhinsky,Russia
Justin Kripps,Canada
Des Lynam,United Kingdom
Norah O'Donnell,United States of America
Herman Talmadge,United States of America
Kyoshi Takahama,Japan
Abulfaz Elchibey,Azerbaijan
Shelley Breen,United States of America
Chance Browne,United States of America
Machiko Ono,Japan
Albert Stanley (Liberal politician),United Kingdom
Taku Yamasaki,Japan
John Capel,United States of America
Veronica Pivetti,Italy
Edo Pero?evi?,Yugoslavia
Kristin Adams,United States of America
Patrycja Soliman,Poland
Olivia Shakespear,England
Tam Scobbie,Scotland
Heinz Hopf,Switzerland
Sugar Ray Norcia,United States of America
Veronique Renard,Netherlands
William St Julien Arabin,United Kingdom
Yasushi Akimoto,Japan
Ambalavaner Sivanandan,Sri Lanka
Mayu Tsuruta,Japan
Willie Pastrano,United States of America
Pam Bileck,United States of America
Henryk Rossman,Poland
Dana Snyman,South Africa
Victoria Vox,United States of America
Carmen Serano,United States of America
Jens Christian Grøndahl,Denmark
Jim Vance,United States of America
Grahame Clifford,England
Michael Jones (soldier),United States of America
Mate Buli?,Bosnia and Herzegovina
Janet Julian,United States of America
